inci_name,common_names,trade_names,cas_number,ingredient_category,function,chemical_aliases,language_variants
Aqua,Water|Purified Water|Deionized Water,Water USP|Purified Water BP,7732-18-5,Solvent/Base,Solvent/Carrier/Formulation base,Distilled Water|H2O|Demineralized Water,Eau|Agua|Wasser|Acqua|水
Glycerin,Glycerol|Glycerine|Vegetable Glycerin,Optiphen|Glycon,56-81-5,Humectant,Moisturizing,"Propan-1,2,3-triol|Trihydroxypropane",Glycérine|Glicerina|Glycerin
Hyaluronic Acid,Sodium Hyaluronate|Hyaluronan|HA,Juvéderm|Restylane|ProBalancer HA,9004-61-9,Humectant,Moisture Retention,Hyaluronate|Glucurono-glucosamine polymer,Acide Hyaluronique|Ácido Hialurónico
Sodium Hyaluronate,Low MW Hyaluronic Acid|Hyaluronate Sodium,HyaCare|Hyaluronan Sodium,9067-32-7,Humectant,Deep Moisture Retention,Sodium Hyaluronate cross-polymer,Hyaluronate de Sodium
Propylene Glycol,"PG|1,2-Propanediol|Propan-1,2-diol",Carbowax|Sirlene,57-55-6,Humectant/Solvent,Moisturizing/Penetration Enhancer,Methyl Ethyl Glycol|Methylethylene Glycol,Propylèneglycol|Propilenglicol
Butylene Glycol,"1,3-Butanediol|BG",Mackol BG|Zemea,107-88-0,Humectant/Solvent,Moisturizing/Texture,"Butane-1,3-diol|1,3-Butylenglycol",Butylenglykol
Sorbitol,D-Sorbitol|Glucitol|Sorbol,Neosorb|Liponic 76-NA,50-70-4,Humectant,Moisturizing/Smoothing,D-Glucitol|Hexanehexol,Sorbitol|Sorbitolo
Panthenol,Provitamin B5|D-Panthenol|Dexpanthenol,Pantothenol|DL-Panthenol,81-13-0,Humectant/Conditioning,Moisturizing/Healing,D-Pantothenyl alcohol|Butanamide,Panthénol|Pantenol
Urea,Carbamide|Carbonyl Diamide,Calmurid|Nutraplus,57-13-6,Humectant/Keratolytic,Moisturizing/Exfoliating,Carbonyl diamine|Diaminomethanal,Urée|Urea
Sodium PCA,NaPCA|Sodium 2-Pyrrolidone-5-Carboxylate,Ajidew N-50|Ronacare NaPCA,28874-51-3,Humectant,Natural Moisturizing Factor,Sodium Pyrrolidone Carboxylate,PCA-Natrium
Betaine,Trimethylglycine|TMG|Glycine Betaine,BetaPure|Betafin,107-43-7,Humectant/Osmoprotectant,Moisturizing/Soothing,"N,N,N-Trimethylglycine|Lycine",Betaïne|Betaína
Trehalose,Alpha-D-Trehalose|Mycose,Treha|Ascend,99-20-7,Humectant,Moisture Retention/Skin Protection,alpha-D-glucopyranosyl alpha-D-glucopyranoside,Tréhalose
Erythritol,Meso-Erythritol|Tetrahydroxybutane,Zerose|Erylite,149-32-6,Humectant,Moisturizing,"Butane-1,2,3,4-tetraol",Erythritol
Inositol,Myo-Inositol|Cyclohexanehexol,Antabuse|Hexaphosphoinositol,87-89-8,Humectant,Moisturizing/Brightening,"cis-1,2,3,5-trans-4,6-cyclohexanehexol",Inositol
Fructooligosaccharides,FOS|Oligofructose|Oligofructans,Actilight|Fibruline,308066-66-2,Humectant/Prebiotic,Moisturizing/Microbiome support,Neosugar|Fructan,Fructo-oligosaccharides
Xylitol,Birch Sugar|Xylit,Xylitab|Xylisorb,87-99-0,Humectant/Antimicrobial,Moisturizing/Antimicrobial,"Pentane-1,2,3,4,5-pentaol",Xylitol
Squalane,Shark Squalane|Plant Squalane|Olive Squalane,Neossance|Fitoderm,111-01-3,Emollient,Moisturizing/Non-comedogenic,"Perhydrosqualene|2,6,10,15,19,23-hexamethyltetracosane",Squalane|Esqualano
Squalene,Spinacene|Supraene,Squalene Olive|Shark Liver Oil,111-02-4,Emollient/Antioxidant,Moisturizing/Antioxidant,trans-Squalene|all-trans-Squalene,Squalène|Esqualeno
Jojoba Oil,Buxus Chinensis Oil|Simmondsia Chinensis Seed Oil,Desert Essence|Wax Jojoba,61789-91-1,Emollient,Moisturizing/Balancing,Jojoba Wax|Jojoba Butter,Huile de Jojoba|Aceite de Jojoba
Rosehip Oil,Rosa Canina Fruit Oil|Rosa Rubiginosa Seed Oil,Trilogy Rosehip|Pai Rosehip BioRegenerate,84603-93-0,Emollient,Anti-aging/Brightening,Rose Hip Seed Oil|Dog Rose Oil,Huile de Rose Musquée
Argan Oil,Argania Spinosa Kernel Oil,Argan Liquid Gold|Bio Argan,223747-87-3,Emollient,Moisturizing/Anti-aging,Moroccan Oil|Argan Nut Oil,Huile d'Argan|Aceite de Argán
Marula Oil,Sclerocarya Birrea Seed Oil,Marula Pure Beauty Oil,848301-25-7,Emollient,Moisturizing/Antioxidant,Marula Nut Oil,Huile de Marula
Sea Buckthorn Oil,Hippophae Rhamnoides Fruit Oil,Sea Buckthorn CO2|SBA24,90480-07-2,Emollient/Antioxidant,Antioxidant/Anti-inflammatory,Sanddorn Oil|Seaberry Oil,Huile d'Argousier
Baobab Oil,Adansonia Digitata Seed Oil,Baobab Gold|African Botanics Baobab,93165-32-3,Emollient,Moisturizing/Skin barrier,Baobab Seed Oil|Monkey Bread Oil,Huile de Baobab
Camellia Oil,Camellia Sinensis Seed Oil|Tsubaki Oil,Camellia Kissi|Tsubaki Beauty,68916-73-4,Emollient,Moisturizing/Anti-aging,Green Tea Seed Oil|Japanese Camellia Oil,Huile de Camélia
Sweet Almond Oil,Prunus Amygdalus Dulcis Oil,Almond Oil Refined|Sweet Almond Pure,8007-69-0,Emollient,Moisturizing/Softening,Almond Oil|Prunus Dulcis Oil,Huile d'Amande Douce|Aceite de Almendras
Coconut Oil,Cocos Nucifera Oil,Fractionated Coconut Oil|MCT Oil,8001-31-8,Emollient,Moisturizing/Antimicrobial,Copra Oil|Coconut Butter Oil,Huile de Coco|Aceite de Coco
Avocado Oil,Persea Gratissima Oil,Avocado Pure|Refined Avocado,8024-32-6,Emollient,Moisturizing/Nourishing,Alligator Pear Oil|Butter Pear Oil,Huile d'Avocat|Aceite de Aguacate
Sunflower Seed Oil,Helianthus Annuus Seed Oil,Sunflower Oil Refined|Heliomax,8001-21-6,Emollient,Moisturizing/Barrier support,Tournesol Oil|Sunflower Oil,Huile de Tournesol
Olive Oil,Olea Europaea Fruit Oil,Extra Virgin Olive|Prunus,8001-25-0,Emollient,Moisturizing/Antioxidant,Olivenöl|Olive Fruit Oil,Huile d'Olive|Aceite de Oliva
Hemp Seed Oil,Cannabis Sativa Seed Oil,Hempz|Elixinol,68956-68-3,Emollient/Anti-inflammatory,Moisturizing/Anti-inflammatory,Hemp Oil|Marijuana Seed Oil,Huile de Chanvre
Rosehip Seed Oil,Rosa Mosqueta Oil|Rosa Canina Seed Oil,Trilogy|Pai Rosehip,84603-93-0,Emollient,Anti-aging/Brightening,Wild Rose Oil|Musk Rose Oil,Aceite Rosa Mosqueta
Caprylic/Capric Triglyceride,MCT Oil|Fractionated Coconut Oil|C8/C10 Triglyceride,Miglyol 812|Myritol 318,73398-61-5,Emollient/Solvent,Moisturizing/Lightweight texture,Coconut Caprylic/Capric Triglycerides|Neobee M-5,Triglycérides Caprylique/Caprique
Cetyl Alcohol,Hexadecanol|Palmityl Alcohol|1-Hexadecanol,Crodacol C-95|Lanette 16,36653-82-4,Emollient/Thickener,Moisturizing/Texture,Cetylic Alcohol|C16 Alcohol,Alcool Cétylique|Alcohol Cetílico
Stearyl Alcohol,Octadecanol|1-Octadecanol|C18 Alcohol,Crodacol S-95|Lanette 18,112-92-5,Emollient/Thickener,Moisturizing/Texture,Stearic Alcohol|Octadecyl Alcohol,Alcool Stéarylique
Isopropyl Myristate,IPM|Tetradecanoic Acid Isopropyl Ester,Crodamol IPM|Lexol IPM,110-27-0,Emollient/Solvent,Moisturizing/Penetration enhancer,Isopropyl n-Tetradecanoate,Myristate d'Isopropyle
Dimethicone,Polydimethylsiloxane|PDMS|Silicone,Xiameter PMX-200|Dow Corning 200,9006-65-9,Emollient/Occlusive,Smoothing/Barrier,Dimethylpolysiloxane|Methyl Silicone,Diméthicone|Dimeticona
Cyclomethicone,Cyclopentasiloxane|D5|Cyclic Silicone,Dow Corning 245|Xiameter PMX-0245,541-02-6,Emollient/Solvent,Smoothing/Lightweight carrier,Cyclic PDMS|Cyclohexasiloxane,Cyclométhicone
Cetearyl Alcohol,Cetostearyl Alcohol|C16-18 Fatty Alcohol,Lanette O|Crodacol CS-50,8005-44-5,Emollient/Thickener,Moisturizing/Emulsion stability,Cetylstearyl Alcohol,Alcool Cétéarylique
Mineral Oil,Paraffinum Liquidum|White Mineral Oil|Petrolatum,Drakeol 35|Carnation Oil,8012-95-1,Emollient/Occlusive,Moisturizing/Barrier,Liquid Petrolatum|Liquid Paraffin,Huile Minérale|Aceite Mineral
Petrolatum,Petroleum Jelly|Vaseline|White Petroleum,Vaseline|Unipetrol,8009-03-8,Emollient/Occlusive,Barrier/Wound healing,Petroleum Petrolatum|Soft Paraffin,Pétrolatum|Petrolato
Lanolin,Wool Wax|Wool Grease|Adeps Lanae,Anhydrous Lanolin|Lantrol,8006-54-0,Emollient/Occlusive,Moisturizing/Barrier,Wool Fat|Wool Alcohol,Lanoline|Lanolina
Shea Butter,Butyrospermum Parkii Butter|Vitellaria Paradoxa Butter,Pur Karite|Shea Natural,91080-23-8,Emollient/Occlusive,Moisturizing/Anti-inflammatory,Karite Butter|African Shea,Beurre de Karité|Manteca de Karité
Cocoa Butter,Theobroma Cacao Seed Butter,Cargill Cocoa Butter|Aarhus Cocoa,8002-31-1,Emollient/Occlusive,Moisturizing/Antioxidant,Cocoa Fat|Cacao Butter,Beurre de Cacao|Manteca de Cacao
Mango Butter,Mangifera Indica Seed Butter,Mango Butter Refined|AOB Mango,90063-86-8,Emollient,Moisturizing/Softening,Mango Seed Butter|Mangifera Seed Oil,Beurre de Mangue
Beeswax,Cera Alba|White Beeswax|Yellow Wax,Cera Bellina|Kester Wax,8012-89-3,Emollient/Thickener,Texture/Barrier,Apis Mellifera Wax|Bleached Beeswax,Cire d'Abeille|Cera de Abeja
Carnauba Wax,Copernicia Cerifera Wax|Brazil Wax,Kester Wax K-82P,8015-86-9,Thickener/Emollient,Texture/Gloss,Carnauba|Ceara Wax,Cire de Carnauba
Retinol,Vitamin A|Vitamin A Alcohol|All-trans Retinol,Avita|Retin-A (OTC)|RONAflair,68-26-8,Retinoid/Anti-aging Active,Anti-aging/Cell turnover,Axerophthol|Vitamin A1,Rétinol|Retinol
Retinyl Palmitate,Vitamin A Palmitate|Retinol Palmitate,Rovimix A|Dry Vitamin A 500,79-81-2,Retinoid/Anti-aging Active,Anti-aging/Milder retinoid,Retinyl Hexadecanoate|Vitamin A Ester,Palmitate de Rétinyle
Retinal,Retinaldehyde|Vitamin A Aldehyde,Alday|Elястin retinal,116-31-4,Retinoid/Anti-aging Active,Anti-aging/Cell turnover,All-trans Retinal|Retinene,Rétinal|Retinal
Retinyl Retinoate,Hydroxypinacolone Retinoate|Granactive Retinoid,Granactive Retinoid|HPR,893412-73-2,Retinoid/Anti-aging Active,Anti-aging/Gentle retinoid,HPR|Hydroxypinacolone Retinoate,Rétinoate de Rétinyle
Ascorbic Acid,Vitamin C|L-Ascorbic Acid|Pure Vitamin C,Stay-C 50|Ascorbyl Glucoside,50-81-7,Antioxidant/Brightening Active,Brightening/Collagen synthesis/Antioxidant,L-Ascorbate|Ascorbate,Acide Ascorbique|Ácido Ascórbico
Sodium Ascorbyl Phosphate,SAP|Vitamin C Phosphate,Stay-C 50|VC-IP,66170-10-3,Antioxidant/Brightening Active,Brightening/Antioxidant,Sodium Vitamin C Phosphate|Ascorbyl Phosphate Sodium,Phosphate de Sodium Ascorbyle
Ascorbyl Glucoside,AA2G|Vitamin C Glucoside|Ascorbic Acid 2-Glucoside,AA2G|Nikkol,129499-78-1,Antioxidant/Brightening Active,Brightening/Antioxidant/Stable Vitamin C,Ascorbyl 2-Glucoside|Glucosyl Ascorbic Acid,Glucoside Ascorbyle
3-O-Ethyl Ascorbic Acid,Ethyl Ascorbic Acid|EAA|Vitamin C Ether,EAA|Nikkol VC-3,86404-04-8,Antioxidant/Brightening Active,Brightening/Antioxidant,3-O-Ethyl-L-Ascorbic Acid,Acide Ascorbique Ethylé
Ascorbyl Tetraisopalmitate,Vitamin C Tetrahexyldecanoate|ATIP,VC-IP|Nikkomulese ATIP,183476-82-6,Antioxidant/Brightening Active,Brightening/Antioxidant/Oil-soluble Vitamin C,Tetrahexyldecyl Ascorbate|VC Tetra,Tétrakis ascorbyle
Niacinamide,Nicotinamide|Vitamin B3|Niacin Amide,Niacinamide USP|Efinaconazole,98-92-0,Brightening/Barrier Active,Brightening/Pore minimizing/Barrier,Nicotinic Acid Amide|Vitamin PP,Niacinamide|Niacinamida
Alpha Arbutin,4-Hydroxyphenyl alpha-D-glucopyranoside,Arbutin Alpha|Maxnolia,84380-01-8,Brightening Active,Brightening/Tyrosinase inhibitor,Alpha-Arbutin|Hydroquinone glucoside,Alpha-Arbutine
Beta Arbutin,Hydroquinone beta-D-glucopyranoside|Arbutin,Arbutin|Bearberry extract,497-76-7,Brightening Active,Brightening/Tyrosinase inhibitor,Beta-Arbutin|Hydroquinone-beta-D-glucoside,Béta-Arbutine
Kojic Acid,5-Hydroxy-2-(hydroxymethyl)-4H-pyran-4-one,Kojic Acid USP|Kojic Dipalmitate,501-30-4,Brightening Active,Brightening/Tyrosinase inhibitor,Koji Acid|Kojiic acid,Acide Kojique|Ácido Kójico
Kojic Dipalmitate,Kojic Acid Dipalmitate|KDP,Kojic Dipalmitate|Kaju,79725-98-7,Brightening Active,Brightening/Stable kojic acid derivative,Kojic Acid Ester|Palmitic Kojic,Dipalmitate de Kojique
Tranexamic Acid,Trans-4-(aminomethyl)cyclohexane-1-carboxylic acid|TXA,Tranexamic Acid USP|Cyklokapron,1197-18-8,Brightening Active,Brightening/Anti-inflammatory,Trans-AMCHA|4-Aminomethyl-cyclohexane Carboxylic Acid,Acide Tranexamique
Azelaic Acid,"Nonanedioic Acid|1,7-Heptanedicarboxylic Acid",Skinoren|Finacea,123-99-9,Brightening/Anti-acne Active,Brightening/Anti-inflammatory/Antimicrobial,Azelainic Acid|Lepargylic Acid,Acide Azélaïque|Ácido Azelaico
Glycolic Acid,Hydroxyacetic Acid|2-Hydroxyacetic Acid,Glycolsäure|AHA,79-14-1,AHA/Exfoliant,Exfoliating/Brightening/Anti-aging,Hydroxyacetic Acid|Collagen|Glycolate,Acide Glycolique|Ácido Glicólico
Lactic Acid,L-Lactic Acid|2-Hydroxypropanoic Acid,Purasal|Purac,79-33-4,AHA/Exfoliant,Exfoliating/Moisturizing/Brightening,Milk Acid|Sarcolactic Acid,Acide Lactique|Ácido Láctico
Mandelic Acid,DL-Mandelic Acid|Alpha-hydroxyphenylacetic acid,Mandelic 10|AHA Mandelic,611-71-2,AHA/Exfoliant,Exfoliating/Antibacterial/Brightening,Amygdalic Acid|Phenylglycolic Acid,Acide Mandélique|Ácido Mandélico
Tartaric Acid,"L-Tartaric Acid|2,3-Dihydroxybutanedioic Acid",L-Tartaric Acid Natural,87-69-4,AHA/pH adjuster,Exfoliating/pH Balancing,Racemic Acid|Dihydroxysuccinic Acid,Acide Tartrique|Ácido Tartárico
Citric Acid,"2-Hydroxypropane-1,2,3-tricarboxylic acid",Citric Acid Anhydrous|CA,77-92-9,AHA/pH adjuster,Exfoliating/pH balancing/Antioxidant,Lemon Acid|beta-Hydroxytricarballylic Acid,Acide Citrique|Ácido Cítrico
Malic Acid,DL-Malic Acid|2-Hydroxysuccinic Acid,Malic Acid USP|Apple Acid,6915-15-7,AHA/Exfoliant,Exfoliating/Brightening/pH balancing,Hydroxysuccinic Acid|Apple Acid,Acide Malique|Ácido Málico
Salicylic Acid,BHA|2-Hydroxybenzoic Acid|Beta Hydroxy Acid,Aspirin|Salizink,69-72-7,BHA/Exfoliant/Anti-acne,Exfoliating/Anti-acne/Anti-inflammatory,Beta-Hydroxy Acid|Orthohydroxybenzoic Acid,Acide Salicylique|Ácido Salicílico
Betaine Salicylate,Betaine Salicylate|BHA derivative,Salix Korea|BS derivative,14915-49-2,BHA/Exfoliant,Exfoliating/Gentler BHA,Betaine-salicylate|Salicylic Acid Betaine,Salicylate de Betaïne
Polyhydroxy Acid,PHA|Gluconolactone|Lactobionic Acid,NeoStrata PHA|Exuviance,90-80-2,PHA/Exfoliant,Gentle exfoliating/Antioxidant,Polyhydroxy Acid|Glucono Delta Lactone,Acide Polyhydroxy
Gluconolactone,"GDL|Glucono Delta Lactone|D-Glucono-1,5-lactone",Glucono Delta Lactone|GDL,90-80-2,PHA/Exfoliant,Gentle exfoliating/Antioxidant/Moisturizing,Gluconic Acid Lactone|D-Gluconolactone,Gluconolactone|Gluconolactona
Lactobionic Acid,4-O-beta-D-galactopyranosyl-D-gluconic acid,Lactobionic Acid|LBA,96-82-2,PHA/Exfoliant,Gentle exfoliating/Antioxidant/Moisturizing,Galactogluconic Acid|Lactiobionic Acid,Acide Lactobionique
Ferulic Acid,4-Hydroxy-3-methoxycinnamic acid|FA,Ferulic Acid|SkinCeuticals CE Ferulic,1135-24-6,Antioxidant Active,Antioxidant/UV protection/Anti-aging,Hydroxymethoxycinnamic Acid|Coniferin derivative,Acide Férulique|Ácido Ferúlico
Phytic Acid,Inositol Hexaphosphate|IP6|Phytate,Phytic Acid 50%|Acide Phytique,83-86-3,Chelating/Brightening Agent,Brightening/Metal chelation/Antioxidant,Inositol Polyphosphate|Myo-Inositol Hexakis,Acide Phytique|Ácido Fítico
Lipoic Acid,Alpha-Lipoic Acid|ALA|Thioctic Acid,Alpha-Lipoic Acid|R-ALA,62-46-4,Antioxidant Active,Antioxidant/Anti-aging,"Thiotic Acid|1,2-Dithiolane-3-pentanoic acid",Acide Alpha-Lipoïque|Ácido Alfa-Lipoico
Palmitoyl Pentapeptide-4,Matrixyl|Pal-KTTKS|Palmitoyl-Lys-Thr-Thr-Lys-Ser,Matrixyl|Sederma,214047-00-4,Peptide/Anti-aging,Anti-aging/Collagen stimulation,Matrixyl 3000 component|Palmitoyl Pentapeptide,Palmitoyl Pentapeptide-4|Matrixyl
Palmitoyl Tripeptide-1,Pal-GHK|Palmitoyl-Gly-His-Lys,Matrixyl 3000 component|Biopeptide EL,147732-56-7,Peptide/Anti-aging,Anti-aging/Collagen stimulation,Palmitoyl Oligopeptide|GHK-Palmitoyl,Tripeptide-1 Palmitoyle
Palmitoyl Tetrapeptide-7,Pal-GQPR|Matrixyl 3000 component,Matrixyl 3000|Sederma GQPR,221227-05-0,Peptide/Anti-aging,Anti-aging/Anti-inflammatory,Palmitoyl-Gly-Gln-Pro-Arg|Anti-inflammatory peptide,Tétrapeptide-7 Palmitoylé
Acetyl Hexapeptide-3,Argireline|Acetyl Hexapeptide-8|AHP-3,Argireline|Lipotec,616204-22-9,Peptide/Anti-aging,Anti-wrinkle/Muscle relaxing,Argireline Peptide|Acetyl-Arg-Glu-Glu-Met-Gln-Arg,Acétyl Hexapeptide-3|Argireline
Copper Tripeptide-1,GHK-Cu|Copper Peptide|Blue Copper,GHK-Cu|ProCyte,49557-75-7,Peptide/Healing Active,Anti-aging/Wound healing/Collagen synthesis,Copper-GHK|Gly-His-Lys Copper,Tripeptide-1 Cuivre|GHK-Cu
Leuphasyl,Acetyl Glutamyl Heptapeptide-3,Leuphasyl|Lipotec,959610-30-1,Peptide/Anti-aging,Anti-wrinkle synergist,Glu-heptapeptide|Relaxing peptide,Leuphasyl
Snap-8,Acetyl Octapeptide-3|Acetyl GlufA,Snap-8|Lipotec,868844-74-0,Peptide/Anti-aging,Anti-wrinkle/Muscle relaxing,Acetyl Octapeptide|SNAP-8,SNAP-8
Syn-Ake,Dipeptide Diaminobutyroyl Benzylamide Diacetate,Syn-Ake|Pentapharm,823202-99-9,Peptide/Anti-aging,Anti-wrinkle/Snake venom analog,Dipeptide Diaminobutyroyl|Snake Venom peptide,Syn-Ake
Leuphasyl Peptide,Acetyl Glutamyl Heptapeptide-1,Leuphasyl|Sederma,959610-30-1,Peptide/Anti-aging,Anti-wrinkle complementary peptide,Heptapeptide-1 Glutamyl|Relaxing peptide,Heptapeptide-1
Zinc Oxide,ZnO|Calamine|Chinese White,Non-Nano Zinc Oxide|EcoZinc,1314-13-2,UV Filter/Mineral Sunscreen,Broad-spectrum UV protection/Soothing,Zinc White|Flowers of Zinc,Oxyde de Zinc|Óxido de Zinc
Titanium Dioxide,TiO2|CI 77891|Rutile,Non-Nano TiO2|Eusolex T-2000,13463-67-7,UV Filter/Mineral Sunscreen,UV protection/Whitening,Titanium White|Titania,Dioxyde de Titane|Dióxido de Titanio
Avobenzone,Butyl Methoxydibenzoylmethane|Parsol 1789,Parsol 1789|Eusolex 9020,70356-09-1,UV Filter/Chemical Sunscreen,UVA protection,BMDM|Dibenzoylmethane Butyl,Avobenzone|Avobenzona
Octinoxate,Ethylhexyl Methoxycinnamate|OMC,Parsol MCX|Eusolex 2292,5466-77-3,UV Filter/Chemical Sunscreen,UVB protection,Octyl Methoxycinnamate|Cinnamate OMC,Octinoxate|Octinoxato
Oxybenzone,Benzophenone-3|BP-3,Eusolex 4360|Neo Heliopan BB,131-57-7,UV Filter/Chemical Sunscreen,UVA/UVB protection,Benzophenone 3|2-Hydroxy-4-methoxybenzophenone,Oxybenzone|Oxibenzona
Homosalate,"Homomethyl Salicylate|3,3,5-Trimethylcyclohexyl Salicylate",Eusolex HMS|Neo Heliopan HMS,118-56-9,UV Filter/Chemical Sunscreen,UVB protection,Homomenthyl Salicylate|Cyclohexyl Salicylate,Homosalate|Homosalato
Octisalate,Ethylhexyl Salicylate|OCS,Neo Heliopan OS|Escalol 587,118-60-5,UV Filter/Chemical Sunscreen,UVB protection/Avobenzone stabilizer,Octyl Salicylate|2-Ethylhexyl Salicylate,Octisalate|Octisalato
Octocrylene,"2-Ethylhexyl 2-Cyano-3,3-diphenylacrylate",Uvinul N-539|Eusolex OCR,6197-30-4,UV Filter/Chemical Sunscreen,UVB protection/UV stabilizer,Octyl Cyano Diphenylacrylate|OC,Octocrylène|Octocrileno
Tinosorb S,Bis-Ethylhexyloxyphenol Methoxyphenyl Triazine|BEMT,Tinosorb S|Escalol S,187393-00-6,UV Filter/Chemical Sunscreen,Broad-spectrum UVA/UVB,Bemotrizinol|Methylene Bis-Benzotriazolyl,Tinosorb S
Tinosorb M,Methylene Bis-Benzotriazolyl Tetramethylbutylphenol|MBBT,Tinosorb M|Mixxim BB/100,92761-26-7,UV Filter/Chemical Sunscreen,Broad-spectrum UVA/UVB,Bisoctrizole|Bemetrizinol,Tinosorb M
Mexoryl SX,Ecamsule|Terephthalylidene Dicamphor Sulfonic Acid,Mexoryl SX|La Roche-Posay,92761-26-7,UV Filter/Chemical Sunscreen,UVA protection,Ecamsule|TDSA,Méxoryl SX
Mexoryl XL,Drometrizole Trisiloxane,Mexoryl XL|L'Oréal Patent,155633-54-8,UV Filter/Chemical Sunscreen,Broad-spectrum UVA/UVB,Trisiloxane UV filter|Drometrizole Siloxane,Méxoryl XL
Phenoxyethanol,2-Phenoxyethanol|Phenoxetol|Rose Ether,Optiphen|Rokonsal,122-99-6,Preservative,Antimicrobial preservation,Ethylene Glycol Monophenyl Ether|beta-Hydroxyethyl Phenyl Ether,Phénoxyéthanol|Fenoxietanol
Ethylhexylglycerin,2-Ethylhexyl Glycerine|Sensiva SC 50,Sensiva SC 50|Euxyl PE 9010,70445-33-9,Preservative Booster,Antimicrobial/Skin conditioning,Octoxyglycerin|Glyceryl Octanate,Ethylhexylglycérine|Etilhexilglicerina
Sodium Benzoate,Benzoate of Soda|Sodium Salt of Benzoic Acid,Nipastat|Protex,532-32-1,Preservative,Antimicrobial preservation,Benzoic Acid Sodium Salt|E211,Benzoate de Sodium|Benzoato de Sodio
Potassium Sorbate,Sorbic Acid Potassium Salt|E202,Natasol|Sorbistat K,24634-61-5,Preservative,Antimicrobial/Antifungal,"Potassium (E,E)-sorbate|2,4-Hexadienoic acid potassium",Sorbate de Potassium|Sorbato de Potasio
Caprylyl Glycol,"1,2-Octanediol|Octane-1,2-diol",Dermosoft Octiol|Symocide OS,1117-86-8,Preservative Booster/Humectant,Antimicrobial/Moisturizing,Octylene Glycol|Caprylic Glycol,Glycol Caprylyle|Glicol Caprílico
Methylparaben,Methyl 4-Hydroxybenzoate|Nipagin M,Nipagin|Preserval M,99-76-3,Preservative,Antimicrobial/Antifungal,Methyl Paraben|p-Hydroxybenzoic Acid Methyl Ester,Méthylparabène|Metilparabeno
Propylparaben,Propyl 4-Hydroxybenzoate|Nipasol P,Nipasol|Preserval P,94-13-3,Preservative,Antimicrobial/Antifungal,Propyl Paraben|p-Hydroxy Benzoate Propyl,Propylparabène|Propilparabeno
Benzyl Alcohol,Phenylmethanol|Phenylcarbinol,Rokonsal BP|Benzyl Alcohol NF,100-51-6,Preservative/Solvent,Antimicrobial/Fragrance component,Benzenemethanol|alpha-Hydroxytoluene,Alcool Benzylique|Alcohol Bencílico
Chlorphenesin,"3-(4-Chlorophenoxy)-1,2-propanediol|CME",Chlorphenesin|Nipaguard CME,104-29-0,Preservative,Antimicrobial/Antifungal,Clofenesin|4-Chlorophenoxypropanediol,Chlorphénésine
Dehydroacetic Acid,"DHA|3-Acetyl-6-methyl-1,2H-pyranone-2,4(3H)-dione",Dacin|Dehydroacetic Acid NF,520-45-6,Preservative,Antimicrobial/Antifungal,Methylacetopyranone|DHA Acid,Acide Déhydroacétique
Benzoic Acid,Benzenecarboxylic Acid|Phenylformic Acid,Purox B|Benzoic Acid NF,65-85-0,Preservative,Antimicrobial/pH Adjuster,Carboxybenzene|E210,Acide Benzoïque|Ácido Benzoico
Sorbic Acid,"Hexa-2,4-dienoic Acid|2-Propenylacrylic Acid",Sorbic Acid FCC|E200,110-44-1,Preservative,Antimicrobial/Antifungal,"2,4-Hexadienoic Acid|E200",Acide Sorbique|Ácido Sórbico
Glyceryl Stearate,Glycerol Monostearate|GMS|Monostearin,Cutina GMS|Imwitor 900,31566-31-1,Emulsifier,Emulsion stability/Emollient,Glycerol 1-Stearate|1-Monostearin,Stéarate de Glycéryle|Estearato de Glicerilo
Cetearyl Glucoside,Glucoside Cetearyl|Montanov 68,Montanov 68|Emulgade PL 68/50,246159-33-1,Emulsifier,O/W emulsification,Cetostearyl Glucoside|Alkyl Glucoside,Glucoside Cétéarylique
Sodium Lauryl Sulfate,SLS|Sodium Dodecyl Sulfate|SDS,Texapon K 12|SLS NF,151-21-3,Surfactant/Emulsifier,Cleansing/Foaming,Dodecyl Sodium Sulfate|Sodium Dodecylsulfate,Laurylsulfate de Sodium|Lauril Sulfato Sódico
Sodium Laureth Sulfate,SLES|Sodium Lauryl Ether Sulfate,Texapon N 70|Empicol ESB3,68585-34-2,Surfactant/Emulsifier,Cleansing/Foaming/Milder than SLS,Sodium Lauryl Ether Sulfate|SLES 2EO,Laureth Sulfate de Sodium
Cocamidopropyl Betaine,CAPB|Cocamidopropyl Dimethyl Glycine,Tego Betain F50|Empigen BS,61789-40-0,Amphoteric Surfactant,Cleansing/Foaming/Conditioning,Cocamido Betaine|Lauramidopropyl Betaine,Bétaïne de Cocamidopropyle
Polysorbate 20,Tween 20|Polyoxyethylene 20 Sorbitan Monolaurate,Tween 20|Alkest TW 20,9005-64-5,Emulsifier/Solubilizer,Emulsification/Fragrance solubilization,PEG-20 Sorbitan Monolaurate|Polysorbate-20,Polysorbate 20|Polysorbato 20
Polysorbate 60,Tween 60|Polyoxyethylene 60 Sorbitan Monostearate,Tween 60|Alkest TW 60,9005-67-8,Emulsifier,Emulsification,PEG-60 Sorbitan Monostearate|Polysorbate-60,Polysorbate 60
Polysorbate 80,Tween 80|Polyoxyethylene 80 Sorbitan Monooleate,Tween 80|Alkest TW 80,9005-65-6,Emulsifier/Solubilizer,Emulsification/Penetration enhancement,PEG-80 Sorbitan Monooleate|Polysorbate-80,Polysorbate 80
Lecithin,Phosphatidylcholine|PC|Egg Lecithin,Lipoid E80|Emulmetik 900,8002-43-5,Emulsifier,Emulsification/Skin barrier support,Phospholipid|Soy Lecithin,Lécithine|Lecitina
Tocopherol,Vitamin E|Alpha-Tocopherol|DL-alpha-Tocopherol,Covi-ox T-90|Ronotec 30,59-02-9,Antioxidant,Antioxidant/Moisturizing/UV protection,d-Alpha Tocopherol|Vitamin E natural,Tocophérol|Tocoferol
Tocopheryl Acetate,Vitamin E Acetate|Alpha-Tocopheryl Acetate,Covitol F 1300|Ronotec Acetate,58-95-7,Antioxidant,Antioxidant/Stable Vitamin E form,DL-alpha Tocopheryl Acetate|Vitamin E Ester,Acétate de Tocophéryle|Acetato de Tocoferilo
BHT,"Butylated Hydroxytoluene|2,6-di-tert-butyl-4-methylphenol",Tenox BHT|Sustane BHT,128-37-0,Antioxidant/Preservative,Antioxidant/Stabilizer,Butylhydroxytoluene|E321,BHT|BHT
BHA,Butylated Hydroxyanisole|tert-Butyl-4-methoxyphenol,Tenox BHA|Sustane BHA,25013-16-5,Antioxidant/Preservative,Antioxidant/Stabilizer,Butylhydroxyanisole|E320,BHA|BHA
Resveratrol,"Trans-Resveratrol|3,5,4'-Trihydroxystilbene",Resveratrol 98%|Resveratrex,501-36-0,Antioxidant Active,Antioxidant/Anti-aging/Anti-inflammatory,"trans-3,5,4'-Trihydroxystilbene|Kojo-kon",Resvératrol|Resveratrol
Idebenone,"6-(10-Hydroxydecyl)-2,3-dimethoxy-5-methyl-1,4-benzoquinone",Prevage|Idebenone Cosmetic,58186-27-9,Antioxidant Active,Antioxidant/Anti-aging,CoQ10 analog|Idebenona,Idébénone
Coenzyme Q10,Ubiquinone|CoQ10|Ubidecarenone,Kaneka Q10|Coenzyme Q10 Cosmetic,303-98-0,Antioxidant Active,Antioxidant/Anti-aging/Energy,Ubidecarenone|Mitoquinone,Coenzyme Q10|Coenzima Q10
Centella Asiatica Extract,Cica|Gotu Kola Extract|CICA extract,Centella Asiatica|Madecassoside,84696-21-9,Soothing/Healing Active,Anti-inflammatory/Wound healing/Barrier,Tiger Grass|Pennywort Extract,Centella Asiatica|Extracto de Centella
Madecassoside,Madecassic Acid Glucoside|Madecassic Acid 3-O-glucoside,Madecassoside|Centella extract,34540-22-2,Soothing Active,Anti-inflammatory/Collagen synthesis,Centella triterpene glucoside,Madécassoside
Asiaticoside,Centella Glycoside|Asiatic Acid Glucoside,Asiaticoside|Madecassoside blend,16830-15-2,Soothing Active,Anti-inflammatory/Wound healing,Centella Asiatica triterpene|Brahminoside,Asiaticoside
Ceramide NP,Ceramide 3|N-Stearoyl Phytosphingosine,Ceramide III|Evonik Ceramides,100403-19-8,Barrier Active,Skin barrier repair/Moisturizing,Ceramide 3|Phytoceramide NP,Céramide NP
Ceramide AP,Ceramide 6 II|Alpha-Hydroxy Fatty Acid Ceramide,Ceramide 6|Ceramide AP,94987-16-3,Barrier Active,Skin barrier repair,Ceramide II|Hydroxy ceramide,Céramide AP
Ceramide EOP,Ceramide 1|Omega-linoleoyloxy ceramide,Ceramide I|Dermofeel EOP,114747-53-4,Barrier Active,Skin barrier repair/Essential,Ceramide 1|Linoleoyl ceramide,Céramide EOP
Phytosphingosine,Tetrahydrosphingosine|PHS,Cosmoferm Phytosphingosine|Evonik PHS,554-62-1,Barrier Active/Antimicrobial,Skin barrier/Antimicrobial/Anti-inflammatory,4D-Phytosphingosine|Sphinganine derivative,Phytosphingosine
Cholesterol,Cholesterol USP|Ovisterol,Cholesterol NF|Nimbus PC,57-88-5,Barrier Active/Emollient,Skin barrier/Emollient,5-Cholesten-3beta-ol|Cholesterin,Cholestérol|Colesterol
Allantoin,5-Ureidohydantoin|Glyoxyldiureide,Allantoin USP|Merck Allantoin,97-59-6,Soothing Active,Soothing/Healing/Moisturizing,"2,5-Dioxo-4-imidazolidinyl urea|Herniarin",Allantoïne|Alantoína
Bisabolol,Alpha-Bisabolol|(-)-alpha-Bisabolol|Levomenol,Dragosantol 100|Bisabolol from Chamomile,515-69-5,Soothing Active,Anti-inflammatory/Soothing/Healing,d-alpha-Bisabolol|Levomenol,Bisabolol|Bisabolol
Pantothenic Acid,Vitamin B5|D-Pantothenic Acid,Calcium Pantothenate|Pantothenic Acid USP,79-83-4,Soothing/Healing Active,Soothing/Wound healing,Pantothenate|Calcium D-Pantothenate,Acide Panthénique|Ácido Pantoténico
Aloe Barbadensis Leaf Juice,Aloe Vera Gel|Aloe Vera Juice|Aloe Vera Leaf,AloeCorp|Hawaiian Aloe,85507-69-3,Soothing Active,Soothing/Anti-inflammatory/Moisturizing,Aloe Vera|Aloe Barbadensis,Aloe Vera|Aloe Barbadensis
Oat Extract,Avena Sativa Kernel Extract|Colloidal Oatmeal,Avena Sativa|Soothing Complex,84012-26-0,Soothing Active,Anti-inflammatory/Soothing/Barrier,Oatmeal Extract|Colloidal Oat,Extrait d'Avoine|Extracto de Avena
Chamomile Extract,Matricaria Recutita Extract|Anthemis Nobilis Extract,Blue Chamomile|Evonik Chamomile,84082-60-0,Soothing Active,Soothing/Anti-inflammatory,German Chamomile|Azulene source,Extrait de Camomille|Extracto de Manzanilla
Green Tea Extract,Camellia Sinensis Leaf Extract|EGCG Extract,Teavigo|Tea Polyphenols,84650-60-2,Antioxidant/Soothing Active,Antioxidant/Anti-inflammatory/Anti-aging,Epigallocatechin Gallate|Polyphenon 60,Extrait de Thé Vert|Extracto de Té Verde
Calendula Extract,Calendula Officinalis Flower Extract|Pot Marigold,Calendula CO2|Marigold Extract,84776-23-8,Soothing Active,Soothing/Anti-inflammatory/Healing,Pot Marigold Extract|English Marigold,Extrait de Calendula|Extracto de Caléndula
Licorice Root Extract,Glycyrrhiza Glabra Root Extract|Licorice Extract,Monoasol|Licorice Extract 40%,68916-91-6,Brightening/Soothing Active,Brightening/Anti-inflammatory/Soothing,Liquorice Extract|Glycyrrhizinic Acid source,Extrait de Réglisse|Extracto de Regaliz
Witch Hazel Extract,Hamamelis Virginiana Extract|Witch Hazel Water,Witch Hazel 14%|Hamamelis Distillate,84696-19-5,Astringent/Soothing Active,Astringent/Soothing/Anti-inflammatory,Hamamelis Water|Witch Hazel Distillate,Extrait d'Hamamélis|Extracto de Hamamelis
Cucumber Extract,Cucumis Sativus Fruit Extract,Cucumber Extract|Garden Cucumber,89998-01-6,Soothing Active,Soothing/Cooling/Moisturizing,Cucumis Sativus Extract|Cucumber Juice,Extrait de Concombre|Extracto de Pepino
EGF,Epidermal Growth Factor|sh-Oligopeptide-1,sh-Oligopeptide-1|Sederma,62253-63-8,Growth Factor Active,Anti-aging/Cell renewal/Wound healing,Epidermal Growth Factor|Human EGF,Facteur de Croissance Epidermal
Hydrolyzed Collagen,Collagen Peptides|Soluble Collagen|Marine Collagen,Peptan|Gelita,9007-34-5,Protein/Moisturizing,Moisturizing/Skin elasticity,Collagen Hydrolysate|Peptide Collagen,Collagène Hydrolysé|Colágeno Hidrolizado
Hydrolyzed Keratin,Keratin Peptides|Soluble Keratin,Keratec|Kerasol,69430-36-0,Protein/Strengthening,Hair/Skin strengthening/Moisturizing,Keratin Hydrolysate|Peptide Keratin,Kératine Hydrolysée|Queratina Hidrolizada
Hydrolyzed Silk,Silk Amino Acids|Silk Peptides|Sericin,Crosilk 10W|Silk Protein,96690-41-4,Protein/Conditioning,Conditioning/Moisturizing/Film forming,Silk Protein Hydrolysate|Sericin Hydrolysate,Soie Hydrolysée|Seda Hidrolizada
Sodium Hydroxide,NaOH|Caustic Soda|Lye,Sodium Hydroxide USP|Anhydrous NaOH,1310-73-2,pH Adjuster,pH Adjustment,Sodium Hydrate|Soda Lye,Hydroxyde de Sodium|Hidróxido de Sodio
Citric Acid (pH),"2-Hydroxypropane-1,2,3-tricarboxylic acid",Citric Acid Anhydrous|CA,77-92-9,pH Adjuster/Chelating,pH Balancing/Metal chelation,Lemon Acid|beta-Hydroxytricarballylic Acid,Acide Citrique|Ácido Cítrico
Triethanolamine,TEA|Trolamine,Triethanolamine USP|TEA 99%,102-71-6,pH Adjuster/Emulsifier,pH Adjustment/Emulsification,"2,2',2''-Nitrilotriethanol|TEA",Triéthanolamine|Trietanolamina
Disodium EDTA,EDTA Disodium Salt|Ethylenediaminetetraacetic acid,Dissolvine NA|Hampene 100,139-33-3,Chelating Agent,Metal chelation/Preservative booster,Disodium Ethylenediaminetetraacetate|EDTA-Na2,EDTA Disodique|EDTA Disódico
Tetrasodium EDTA,EDTA Tetrasodium Salt|Tetrasodium Edetate,Dissolvine NA4|Sequestrene 30A,64-02-8,Chelating Agent,Metal chelation/Preservative booster,Tetrasodium Ethylenediaminetetraacetate|EDTA-Na4,EDTA Tétrasodique
Carbomer,Carbopol|Polyacrylic Acid|Carboxyvinyl Polymer,Carbopol 940|Carbopol ETD 2020,9003-01-4,Thickener/Gelling Agent,Texture/Viscosity,PAA|Acrylic Acid Polymer,Carbomère|Carbómero
Xanthan Gum,Xanthomonas Campestris Gum|Xanthan,Keltrol T|Xanthan Gum Food Grade,11138-66-2,Thickener/Stabilizer,Texture/Stability/Moisturizing,Corn Sugar Gum|Bacterial Polysaccharide,Gomme de Xanthane|Goma Xantana
Hydroxypropyl Methylcellulose,HPMC|Hypromellose|Hydroxypropyl Methyl Cellulose,Methocel|Metolose,9004-65-3,Thickener/Film Former,Texture/Film forming,Methylhydroxypropylcellulose|Cellulose ether,Hypromellose|Hipromelosa
Hydroxyethylcellulose,HEC|Natrosol,Natrosol 250|Cellosize HEC,9004-62-0,Thickener/Gelling Agent,Texture/Viscosity,Hydroxyethyl Cellulose Ether|Oxyethylcellulose,Hydroxyéthylcellulose
Polyacrylamide,PAM|Acrylamide Polymer,Sepigel 305|Simulgel 600,9003-05-8,Thickener/Film Former,Texture/Film forming,Acrylamide-based polymer|PAM,Polyacrylamide|Poliacrilamida
Sodium Polyacrylate,Carbopol Aqua SF-1|Acrylates Copolymer,Carbopol Aqua|Salcare SC91,9003-04-7,Thickener/Absorbent,Texture/Super-absorbent,Sodium Salt of Polyacrylic Acid|SAP,Polyacrylate de Sodium
Agar,Agar-Agar|Gelidium Amansii Extract|E406,Agar Bacteriological|Iberia Agar,9002-18-0,Gelling Agent,Texture/Gelling,Red Algae Polysaccharide|Agarose,Agar|Agar-Agar
Carrageenan,Irish Moss Extract|E407|Carragheen,Genuvisco|Viscarin,9000-07-1,Thickener/Gelling Agent,Texture/Stability,Red Seaweed Polysaccharide|Carrageenin,Carraghénane|Carragenina
Parfum,Fragrance|Perfume|Aroma,Givaudan|IFF Fragrance,,Fragrance,Sensory/Masking,Aroma|Fragrance Compound|Scent blend,Parfum|Fragancia|Parfüm
Lavender Extract,Lavandula Angustifolia Extract|True Lavender,Lavandula Angustifolia|Biolandes,84776-65-8,Soothing/Fragrance,Soothing/Anti-inflammatory/Fragrance,Lavender Essential Oil|Lavandula Extract,Extrait de Lavande|Extracto de Lavanda
Rose Extract,Rosa Damascena Extract|Rose Hip Extract,Bulgarian Rose Extract|Rosa Damascena,84604-12-6,Soothing/Antioxidant,Soothing/Antioxidant/Fragrance,Damask Rose Extract|Rosa Extract,Extrait de Rose|Extracto de Rosa
Turmeric Extract,Curcuma Longa Extract|Curcumin,Curcumin 95%|Turmeric CO2,8024-37-1,Antioxidant/Anti-inflammatory,Antioxidant/Brightening/Anti-inflammatory,Curcuma Extract|Curcuminoid,Extrait de Curcuma|Extracto de Cúrcuma
Bakuchiol,Meroterpene|Psoralea Corylifolia Seed Extract,Sytenol A|Bakuchiol NatureBase,10309-37-2,Plant-based Retinol Alternative,Anti-aging/Antioxidant,Babchi Extract Active|Corylifolin,Bakuchiol
Neem Extract,Azadirachta Indica Leaf Extract|Neem Leaf,Neem Oil|Neem Leaf Extract,84696-25-3,Anti-inflammatory/Antimicrobial,Anti-inflammatory/Antimicrobial/Soothing,Margosa Extract|Nimtree Leaf,Extrait de Neem|Extracto de Neem
Seaweed Extract,Algae Extract|Marine Extract|Kelp Extract,Algifilm|Fucoidan,90131-46-7,Humectant/Antioxidant,Moisturizing/Antioxidant/Detox,Algae Polysaccharide|Fucus Extract,Extrait d'Algue|Extracto de Alga
Pomegranate Extract,Punica Granatum Extract|Punicalagin,Pomegranate PE|Verdant,84961-57-9,Antioxidant Active,Antioxidant/Anti-aging/Brightening,Punicalagin|Ellagic Acid source,Extrait de Grenade|Extracto de Granada
Kaolin,China Clay|Kaolinite|White Clay,ASP 400|Floridin,1332-58-7,Absorbent/Thickener,Oil absorption/Texture/Cleansing,Hydrated Aluminium Silicate|Kaolin Clay,Kaolin|Caolín
Bentonite,Montmorillonite|Swelling Clay,Bentone 38|Bentolite,1302-78-9,Absorbent/Thickener,Oil absorption/Detox/Texture,Smectite|Wilkinite,Bentonite|Bentonita
Zinc Sulfate,White Vitriol|Zinc Sulphate,Zinc Sulfate USP|Zincomed,7733-02-0,Astringent/Antimicrobial,Antimicrobial/Astringent/Wound healing,Zincum Sulfuricum|Sulfato de Zinc,Sulfate de Zinc|Sulfato de Zinc
Colloidal Sulfur,Sulfur|Precipitated Sulfur|Flowers of Sulfur,Sulfur USP|Availa S,7704-34-9,Anti-acne/Keratolytic,Antimicrobial/Keratolytic/Anti-acne,Sulphur|Elemental Sulfur,Soufre|Azufre
Silica,Silicon Dioxide|Amorphous Silica,Aerosil 200|Sipernat,7631-86-9,Absorbent/Thickener,Oil absorption/Texture/Mattifying,Silicon Oxide|Silica Gel,Silice|Sílice
Melatonin,N-Acetyl-5-methoxytryptamine|Pineal hormone,Melatonin USP|Melatonin Cosmetic,73-31-4,Antioxidant Active,Antioxidant/Anti-aging/Circadian rhythm,5-Methoxy-N-acetyltryptamine|MEL,Mélatonine|Melatonina
Adenosine,Adenine Nucleoside|9-beta-D-Ribofuranosyladenine,Adenosine|AMP compound,58-61-7,Anti-aging Active,Anti-wrinkle/Anti-aging/Soothing,9-beta-D-Ribofuranosyladenine|Adenine riboside,Adénosine|Adenosina
DMAE,Dimethylaminoethanol|Deanol|DMAE Bitartrate,DMAE Bitartrate|Deanol,108-01-0,Firming Active,Skin firming/Anti-aging,2-Dimethylaminoethanol|Dimethylmonoethanolamine,DMAE|DMAE
Caffeine,"1,3,7-Trimethylxanthine|Theine",Caffeine Anhydrous|Guarana Extract,58-08-2,Stimulant Active,Anti-cellulite/Anti-puffiness/Antioxidant,Methyltheobromine|Theine,Caféine|Cafeína
Palmitoyl Oligopeptide,Biopeptide EL|Palmitoyl GHK,Biopeptide EL|Sederma,171263-26-6,Peptide Active,Anti-aging/Collagen support,Pal-GHK|Hexanoyl tripeptide,Oligopeptide Palmitoyle
Hyaluronan,Hyaluronic Acid polymer|Sodium Hyaluronate HMW,Hyal-Joint|ProBalancer HA HMW,9004-61-9,Humectant Active,Long-chain HA moisture retention,High MW Hyaluronic Acid|HMW Hyaluronan,Hyaluronane
Polyglutamic Acid,Gamma-Polyglutamic Acid|PGA|Gamma-PGA,Vegebead|PGA Cosmetic,25513-46-6,Humectant/Film Former,Deep moisturizing/Film forming,Poly-L-Glutamic Acid|PGA polymer,Acide Polyglutamique
Sodium Gluconate,Gluconic Acid Sodium Salt|Gluconate Na,Gluconat Sodium|Gluconic Acid Na Salt,527-07-1,Chelating/Humectant,Metal chelation/Moisturizing,Sodium D-Gluconate|Gluconic Acid Sodium,Gluconate de Sodium
Sea Salt,Sodium Chloride|Marine Salt|Dead Sea Salt,Dead Sea Salt|Celtic Sea Salt,7647-14-5,Texture/Mineral,Exfoliating/Mineral supply/Osmotic,NaCl|Table Salt,Sel Marin|Sal Marina
Snail Secretion Filtrate,Snail Mucin|Snail Slime|ESCARGOT filtrate,COSRX Snail|Biopeptide Snail,,Soothing/Repair Active,Repair/Moisturizing/Anti-aging/Soothing,Snail Secretome|Helix Aspersa Filtrate,Filtrat de Sécrétions d'Escargot|Filtrado de Secreción de Caracol
Beta-Glucan,"Oat Beta Glucan|1,3-1,6-Beta-D-glucan|Saccharide",Betacare|Oat Beta-Glucan,9041-22-9,Humectant/Soothing Active,Moisturizing/Soothing/Immune support,Oat polysaccharide|Yeast glucan|Laminarin,Bêta-Glucane|Beta-Glucano
Ectoin,"L-Ectoin|1,4,5,6-Tetrahydro-2-methyl-4-pyrimidinecarboxylic acid",Pentacare-HP|Ectoin Natural,96702-03-3,Soothing/Protective Active,Anti-inflammatory/Barrier/DNA protection,Tetrahydromethylpyrimidine carboxylic acid|THMPCA,Ectoine|Ectoína
Galactomyces Ferment Filtrate,Galactomyces|Pitera|Yeast Ferment,SK-II Pitera|Galactomyces 95 Tone Essence,,Brightening/Anti-aging Active,Brightening/Pore minimizing/Skin texture,Saccharomycopsis Ferment Filtrate|Galactomyces Extract,Filtrat de Galactomyces|Filtrado de Galactomyces
Bifida Ferment Lysate,Probiotic Lysate|Bifidobacterium Ferment,Lancôme Bifida|Bifida Filtratum,,Probiotic/Barrier Active,Skin microbiome/Barrier/Anti-aging,Bifidobacterium Lysate|Lactobacillus Ferment Lysate,Lysat de Ferment Bifida|Lisado de Bifida Fermentado
Saccharomyces Ferment Filtrate,Yeast Ferment|SAF|Fermented Yeast Extract,Pitera SK-II|BioEcolia,,Probiotic/Moisturizing,Microbiome support/Moisturizing/Antioxidant,Yeast Ferment|Saccharomyces Extract filtrate,Filtrat de Ferment de Saccharomyces
Propolis Extract,Bee Glue Extract|Propolis Resin,Propolis 70|Korean Propolis,85586-97-6,Antioxidant/Antimicrobial Active,Antimicrobial/Antioxidant/Soothing,Bee Propolis|Propoleum,Extrait de Propolis|Extracto de Propóleo
Artemisia Vulgaris Extract,Mugwort Extract|Wormwood Extract|Ssuk Extract,COSRX Mugwort|Round Lab Mugwort,8022-37-5,Soothing Active,Soothing/Anti-inflammatory/Barrier,Mugwort|Moxa Herb Extract|Korean Ssuk,Extrait d'Armoise|Extracto de Artemisia
Tea Tree Oil,Melaleuca Alternifolia Leaf Oil|TTO,Thursday Plantation TTO|The Body Shop Tea Tree,68647-73-4,Antimicrobial Active,Antimicrobial/Anti-acne/Anti-inflammatory,Melaleuca Oil|Ti Tree Oil,Huile de Théier|Aceite del Árbol del Té
Benzoyl Peroxide,BPO|Dibenzoyl Peroxide,PanOxyl|Clearasil|Benzac,94-36-0,Anti-acne Active,Antimicrobial/Keratolytic/Anti-acne,Benzoyl Superoxide|Lucidol,Peroxyde de Benzoyle|Peróxido de Benzoílo
Willow Bark Extract,Salix Alba Bark Extract|Natural BHA,White Willow Bark|Whitlow Bark,84082-82-6,Natural Exfoliant/Soothing,Natural salicin source/Soothing/Anti-inflammatory,Salix Extract|Salicin source|White Willow,Extrait d'Écorce de Saule|Extracto de Sauce Blanco
Magnesium Ascorbyl Phosphate,MAP|Vitamin C Phosphate Magnesium|VC-PMG,Nikkol VC-PMG|Magnesium Ascorbyl Phosphate,113170-55-1,Antioxidant/Brightening Active,Brightening/Stable Vitamin C/Antioxidant,Magnesium Vitamin C Phosphate|MAP Stable C,Phosphate de Magnésium Ascorbyle|MAP
4-Butylresorcinol,p-Butylresorcinol|Thiamidol Precursor,Resorcinol Butyl|p-n-Butyl Resorcinol,18979-61-8,Brightening Active,Brightening/Tyrosinase inhibitor,4-n-Butylresorcinol|Butylresorcinol,4-Butylrésorcinol|4-Butilresorcinol
Hexylresorcinol,4-Hexylresorcinol|Hexylresorcinol USP,SepWhite MSH|Hexylresorcinol,136-77-6,Brightening Active,Brightening/Tyrosinase inhibitor/Antimicrobial,4-n-Hexylresorcinol|Hexyl resorcinol,Hexylrésorcinol|Hexilresorcinol
Astaxanthin,"3,3'-Dihydroxy-beta-beta-carotene-4,4'-dione",AstaPure|AstaReal,472-61-7,Antioxidant Active,Powerful antioxidant/Anti-aging/UV protection,Keto-carotenoid|Astaxanthin ester,Astaxanthine|Astaxantina
Ergothioneine,Hercynine|L-Ergothioneine|EGT,Thiotaine|Ergothioneine USP,497-30-3,Antioxidant Active,Antioxidant/Anti-aging/DNA protection,L-Ergothioneine|Ergothionine,Ergothionéine|Ergotioneína
Glutathione,GSH|Reduced Glutathione|L-Glutathione,Setria Glutathione|GSH Cosmetic,70-18-8,Antioxidant/Brightening Active,Antioxidant/Brightening/Detox,Gamma-Glutamylcysteinylglycine|L-GSH,Glutathion|Glutatión
Ceramide NS,Ceramide 2|N-Stearoylsphingosine,Ceramide II|Evonik Ceramide 2,100403-19-8,Barrier Active,Skin barrier repair/Moisturizing,N-Stearoyl Ceramide|Ceramide 2 NS,Céramide NS
Ceramide AS,Ceramide 5|Alpha-Hydroxy-N-Stearoylsphingosine,Ceramide 5|Ceramide AS,166767-55-1,Barrier Active,Skin barrier repair,Alpha-Hydroxy Ceramide|Ceramide 5,Céramide AS
Ceramide NG,Ceramide 4|N-Stearoyldihydrosphingosine,Ceramide 4|Ceramide NG,100403-19-8,Barrier Active,Skin barrier repair,N-Stearoyl Dihydroceramide|Ceramide 4,Céramide NG
Phytosterols,Beta-Sitosterol|Stigmasterol|Plant Sterols,Lipex Sheagol|Phytosterol USP,83-46-5,Barrier Active/Anti-inflammatory,Barrier repair/Anti-inflammatory/Emollient,Beta-sitosterol|Ergosterol|Plant Sterols,Phytostérols|Fitoesteroles
Stearic Acid,Octadecanoic Acid|C18 Fatty Acid,Prifrac 2960|Emersol 152,57-11-4,Emollient/Emulsifier,Moisturizing/Emulsion stabilizer/Texture,n-Octadecanoic Acid|Stearic Acid NF,Acide Stéarique|Ácido Esteárico
Oleic Acid,C18:1 Fatty Acid|cis-9-Octadecenoic Acid,Emersol 213|Industrene R,112-80-1,Emollient/Penetration Enhancer,Moisturizing/Penetration enhancement,cis-Oleic Acid|Olive Oil Fatty Acid,Acide Oléique|Ácido Oleico
Linoleic Acid,Omega-6|C18:2 Fatty Acid|LA,Emersol 315|Linoleic Acid USP,60-33-3,Emollient/Barrier Active,Barrier repair/Anti-inflammatory/Brightening,"cis,cis-9,12-Octadecadienoic Acid|Vitamin F",Acide Linoléique|Ácido Linoleico
Palmitic Acid,Hexadecanoic Acid|C16 Fatty Acid,Prifrac 2960|Palmitic Acid USP,57-10-3,Emollient/Emulsifier,Moisturizing/Texture,n-Hexadecanoic Acid|Cetylic Acid,Acide Palmitique|Ácido Palmítico
Grapeseed Oil,Vitis Vinifera Seed Oil|Grape Seed Oil,Vitis Vinifera|ExGrape Seed,85594-37-2,Emollient/Antioxidant,Moisturizing/Antioxidant/Lightweight,Grape Seed Oil|Vinifera Oil,Huile de Pépin de Raisin|Aceite de Semilla de Uva
Meadowfoam Seed Oil,Limnanthes Alba Seed Oil,Meadowfoam Lipids|Limnanthes Alba,89997-63-7,Emollient,Moisturizing/Skin softening/Stable oil,Limnanthes Seed Oil|Meadow Foam,Huile de Limnanthes Alba
Nigella Sativa Seed Oil,Black Seed Oil|Black Cumin Oil|Kalonji Oil,The Oil|Olivie Black Seed,8006-99-7,Emollient/Anti-inflammatory,Antimicrobial/Anti-inflammatory/Moisturizing,Thymoquinone source|Black Caraway Oil,Huile de Nigelle|Aceite de Comino Negro
Chia Seed Oil,Salvia Hispanica Seed Oil|Chia Oil,Benexia Chia|Chia Seed Oil Organic,68553-81-1,Emollient/Antioxidant,Moisturizing/Anti-inflammatory/Antioxidant,Omega-3 rich oil|Salvia Oil,Huile de Chia|Aceite de Chía
Prickly Pear Seed Oil,Opuntia Ficus-Indica Seed Oil|Cactus Seed Oil,Prickly Pear Cactus Oil|Zitoun,225234-27-5,Emollient/Antioxidant,Moisturizing/Anti-aging/Antioxidant,Barbary Fig Oil|Cactus Fig Oil,Huile de Figuier de Barbarie
Saccharide Isomerate,Pentavitin|Sugarcane-derived carbohydrate complex,Pentavitin DSM|Saccharide Isomerate,68607-02-3,Humectant/Binding,Long-lasting moisture binding/Barrier,Carbohydrate Complex|Natural Sugar Complex,Isomère de Saccharide|Isomerizado de Sacárido
Sodium Lactate,Lactic Acid Sodium Salt|Sodium L-Lactate,Purasal HiPure|Sodium Lactate USP,72-17-3,Humectant/pH Adjuster,Moisturizing/pH balancing/NMF component,Sodium 2-Hydroxypropanoate|Lac-Hydrin component,Lactate de Sodium|Lactato de Sodio
Dipeptide-2,Val-Trp|Valine-Tryptophan,Eyeseryl|Dipeptide-2 EL,24587-37-9,Peptide/Anti-edema,Anti-puffiness/Lymphatic drainage/Anti-aging,Valine-Tryptophan peptide|Eyeseryl peptide,Dipeptide-2
Acetyl Tetrapeptide-9,Dermican|LINCOSAMIN,Dermican|Lipotec Tetrapeptide,928007-64-1,Peptide/Anti-aging,Anti-aging/Collagen stimulation/Firming,Collagen peptide booster|Tetrapeptide-9,Acétyl Tétrapeptide-9
Tripeptide-29,Coll+el|Collagen tripeptide,CollaGEN|CG-TRP29,2222154-67-0,Peptide/Anti-aging,Collagen synthesis/Anti-wrinkle,Glycyl-Prolyl-Hydroxyproline|Collagen tripeptide,Tripeptide-29
Acetyl Tetrapeptide-2,Thymulen 4|Thymopoietin peptide,Thymulen 4|SEDERMA,1228371-11-6,Peptide/Anti-aging,Skin renewal/Firming/Anti-aging,Thymopoietin-derivative|TP peptide,Acétyl Tétrapeptide-2
Nonapeptide-1,Melanostatine 5|MSH inhibitor peptide,Melanostatine 5|Lipotec,158563-45-2,Brightening Peptide,Brightening/MSH inhibition,de-MSH inhibitor|AGRP analog,Nonapeptide-1
Undecylenoyl Phenylalanine,Sepiwhite MSH|Sepiclear,Sepiwhite|Uniphen P-23,175357-18-3,Brightening Active,Brightening/MSH inhibition,Sepiwhite HS|Phenylalanine derivative,Phénylalanine Undécylénoyée
Thiamidol,Isobutylamido Thiazolyl Resorcinol,Thiamidol|Eucerin Thiamidol,1361376-29-5,Brightening Active,Brightening/Tyrosinase inhibitor,Resorcinol derivative|ITNB,Thiamidol
Dioic Acid,1-12-Dodecanedioic Acid|Sym White 377,Sym White 377|Dodecanedioic acid,693-23-2,Brightening Active,Brightening/Tyrosinase inhibitor,SYM WHITE|Octadecenedioic acid,Acide Dioïque|Ácido Dioico
Arbutin,Hydroquinone-beta-D-glucoside|Mixed Arbutin,Arbutin|Bearberry,497-76-7,Brightening Active,Brightening/Tyrosinase inhibitor,Hydroquinone glucopyranoside|Ursine,Arbutine|Arbutina
Ellagic Acid,"2,3,7,8-Tetrahydroxy[1]benzopyrano-acid|Pomegranate Active",Ellagic Acid USP|Pomella,476-66-4,Brightening/Antioxidant Active,Brightening/Antioxidant/Anti-aging,Gallotannin metabolite|Urolithin precursor,Acide Ellagique|Ácido Elágico
Zinc Pyrithione,ZPT|Pyrithione Zinc|Zinc Omadine,Zinc Omadine|Zinc Pyrithione 48%,13463-41-7,Antimicrobial Active,Antidandruff/Antimicrobial/Sebum control,Zinc 2-Pyridinethiol 1-Oxide|ZnPT,Pyrithione de Zinc|Piritionato de Zinc
Piroctone Olamine,"Octopirox|1-Hydroxy-4-methyl-6-(2,4,4-trimethylpentyl)-2(1H)-pyridinone MEA",Piroctone Olamine|Octopirox,68890-66-4,Antimicrobial Active,Antidandruff/Antimicrobial/Sebum regulation,Octopirox|MEA derivative,Piroctone Olamine|Piroctona Olamina
Resorcinol,"1,3-Benzenediol|m-Dihydroxybenzene",Resorcinol USP|SymWhite,108-46-3,Brightening/Anti-acne Active,Brightening/Keratolytic/Anti-acne,Resorcin|Dihydroxybenzene,Résorcinol|Resorcinol
Polyhydroxystearic Acid,PHSA|Hypermer LP-1,Hypermer LP-6|PHSA,58128-37-3,Emulsifier/Dispersant,W/O emulsification/Pigment dispersing,Poly(12-Hydroxystearic Acid)|PHSA,Acide PolyHydroxystéarique
Isostearic Acid,16-Methylheptadecanoic Acid|Isostearic,Prisorine|Emersol 875,2724-58-5,Emollient/Emulsifier,Moisturizing/Emulsification/Texture,Isooctadecanoic Acid|Branched Stearic Acid,Acide Isostéarique|Ácido Isosteárico
Cyclohexasiloxane,D6|Cyclomethicone D6|Dodecamethylcyclohexasiloxane,DC 246 Fluid|Xiameter PMX-0246,540-97-6,Emollient/Solvent,Lightweight carrier/Smoothing,Cyclic Siloxane D6|Cyclohexasiloxane,Cyclohexasiloxane
Sodium Cocoyl Isethionate,SCI|Baby Foam|Mild Cleanser,Plantapon SCI|Jordapon CI,58969-27-0,Mild Surfactant,Gentle cleansing/Conditioning/Foaming,Coconut Isethionate|Cocoyl Isethionate,Iséthionate de Sodium Cocoyle|Issethionato de Cocilo Sódico
Lauryl Glucoside,C12-14 Alkyl Glucoside|Caprylyl/Capryl Glucoside,Plantaren 1200|Oramix NS 10,110615-47-9,Mild Surfactant,Gentle Cleansing/Foaming,Alkyl Polyglucoside|Decyl Glucoside,Glucoside Laurylique|Lauril Glucósido
Decyl Glucoside,Capryl Glucoside|Decyl Polyglucose,Plantaren 2000|Oramix CG 110,68515-73-1,Mild Surfactant,Gentle Cleansing/Foaming,C10 Alkyl Glucoside|APG,Décyl Glucoside|Decil Glucósido
Isocetyl Stearate,Isocetyl Stearate|Crodamol CS,Crodamol CS|Estalan CS,25339-09-7,Emollient,Moisturizing/Lightweight texture,Isohexadecyl Stearate|Cetyl Isostearate,Stéarate d'Isocétyle
Hydrogenated Lecithin,Hydrogenated Soy Lecithin|Lecinol S-10,Lecinol S-10|Emulmetik 300,92128-87-5,Emulsifier/Barrier,Emulsification/Barrier support,Hydrogenated Phospholipid|Soy Phospholipid,Lécithine Hydrogénée|Lecitina Hidrogenada
Tremella Fuciformis Extract,Snow Mushroom Extract|White Fungus,Tremella|SnowMushroom Extract,71010-52-1,Humectant/Antioxidant,Deep moisturizing/Antioxidant/Anti-aging,Snow Fungus|White Jelly Mushroom,Extrait de Trémelle|Extracto de Tremella
Reishi Mushroom Extract,Ganoderma Lucidum Extract|Lingzhi,Ganoderma Extract|Reishi Mushroom,93164-13-7,Antioxidant/Adaptogen,Antioxidant/Anti-aging/Immune support,Lingzhi Extract|Ganoderma Polysaccharides,Extrait de Reishi|Extracto de Reishi
Chaga Mushroom Extract,Inonotus Obliquus Extract|Chaga,Chaga Mushroom|Inonotus Extract,,Antioxidant Active,Antioxidant/Anti-inflammatory/Anti-aging,Birch Fungus|Clinker Polypore,Extrait de Chaga|Extracto de Chaga
Laminaria Extract,Laminaria Digitata Extract|Brown Algae|Kelp,Algaktiv|Laminaria Extract,84696-13-9,Antioxidant/Moisturizing,Antioxidant/Detox/Moisturizing,Kelp Extract|Brown Seaweed|Laminaria,Extrait de Laminaire|Extracto de Laminaria
Fucus Vesiculosus Extract,Bladderwrack Extract|Brown Seaweed,Fucus Extract|Seaweed Absolute,84696-13-9,Antioxidant/Slimming Active,Antioxidant/Anti-cellulite/Detox,Bladderwrack|Rockweed Extract,Extrait de Fucus|Extracto de Fucus
Isosorbide Dimethyl Ether,DMI|Dimethyl Isosorbide,Arlasolve DMI|Isosorbide Dimethyl,5306-85-4,Penetration Enhancer/Solvent,Penetration enhancement/Active delivery,DMI Solvent|Isosorbide Dimethyl,Diméthyl Isosorbide|DMI
Methylsulfonylmethane,MSM|Dimethyl Sulfone|DMSO2,OptiMSM|MSM Cosmetic,67-71-0,Anti-inflammatory Active,Anti-inflammatory/Soothing/Collagen support,Dimethyl sulfone|Methyl sulfone|DMSO2,Méthylsulfonylméthane|MSM
Zinc Gluconate,Zinc Gluconate USP|Zinc Salt,Zinc Gluconate|ZincClear,4468-02-4,Antimicrobial/Sebum control,Anti-acne/Sebum control/Zinc delivery,Zinc D-Gluconate|Gluconic Acid Zinc Salt,Gluconate de Zinc|Gluconato de Zinc
Niacinamide Methylether,NME|Methyl Nicotinamide,N-Methyl Nicotinamide|MNA,114-33-0,Anti-aging/Brightening Active,Anti-aging/Brightening/Antioxidant,1-Methylnicotinamide|MNA,Méthylamide de Niacine
Isoflavones,Soy Isoflavones|Genistein|Daidzein,Novasoy|PhytoSoy,446-72-0,Phytoestrogen/Anti-aging,Anti-aging/Brightening/Antioxidant,Genistein|Daidzein|Phytoestrogen,Isoflavones|Isoflavonas
Retinaldehyde,Retinal|RAL|Vitamin A Aldehyde,Alday|Encapsulated Retinal,116-31-4,Retinoid/Anti-aging Active,Anti-aging/Stronger than retinol,All-trans Retinal|Retinene-1,Rétinaldéhyde|Retinaldehído
Hydroxypinacolone Retinoate,HPR|Granactive Retinoid|Retinoate,Granactive Retinoid 2%|HPR Emulsion,893412-73-2,Retinoid/Anti-aging Active,Anti-aging/Gentle non-irritating retinoid,Hydroxy Pinacolone Retinoate|HA retinoate,Rétinoate d'Hydroxypinacolone|HPR
Rosemary Extract,Rosmarinus Officinalis Leaf Extract|Rosemary Antioxidant,Inolens|Rosemary CO2,84604-14-8,Antioxidant/Preservative Booster,Antioxidant/Natural preservative/Soothing,Rosemary Oil|Carnosic Acid source,Extrait de Romarin|Extracto de Romero
Hydrolyzed Hyaluronic Acid,Low MW HA Fragments|Hyaluronic Acid hydrolysate,Hyalusine|Hyaluronan Fragments,9004-61-9,Humectant/Penetration,Deeper moisture penetration/Anti-aging,Hydrolyzed Hyaluronan|HA Hydrolysate,Acide Hyaluronique Hydrolysé|Ácido Hialurónico Hidrolizado
Palmitoyl Hexapeptide-12,Biopeptide CL|Pal-VGVAPG,Biopeptide CL|Sederma,170809-51-5,Peptide/Anti-aging,Anti-aging/Elastin stimulation,Palmitoyl-Val-Gly-Val-Ala-Pro-Gly|Elastin peptide,Hexapeptide-12 Palmitoylé
Hydrolyzed Elastin,Elastin Peptides|Soluble Elastin,Elastin Hydrolysate|Croda Elastin,100684-25-1,Protein/Firming,Skin elasticity/Moisturizing/Firming,Elastin Hydrolysate|Tropoelastin,Elastine Hydrolysée|Elastina Hidrolizada
Castor Oil,Ricinus Communis Seed Oil|Castor Bean Oil,Castor Oil USP|Refined Castor,8001-79-4,Emollient/Occlusive,Moisturizing/Film forming/Thickening,Ricinus Oil|Castor Bean Oil,Huile de Ricin|Aceite de Ricino
Linseed Oil,Linum Usitatissimum Seed Oil|Flaxseed Oil,Flaxseed Oil Cold Pressed|Linum Oil,8001-26-1,Emollient/Anti-inflammatory,Moisturizing/Anti-inflammatory/Omega-3 source,Flax Oil|Flaxseed Oil|Linseed,Huile de Lin|Aceite de Linaza
Evening Primrose Oil,Oenothera Biennis Oil|EPO,Bio-Oil EPO|Evening Primrose Refined,90028-66-3,Emollient/Anti-inflammatory,Moisturizing/Anti-inflammatory/Barrier repair,EPO|GLA source|Oenothera Oil,Huile d'Onagre|Aceite de Onagra
Tamanu Oil,Calophyllum Inophyllum Seed Oil|Kamanu Oil,Tamanu Oil Refined|Pacific Tamanu,95695-50-8,Emollient/Healing,Wound healing/Anti-inflammatory/Antimicrobial,Calophyllum Oil|Kamani Oil,Huile de Tamanu|Aceite de Tamanu
Safflower Oil,Carthamus Tinctorius Seed Oil|High Linoleic Safflower,Safflower Oil|Novele,8001-23-8,Emollient,Moisturizing/Linoleic acid source/Lightweight,Carthamus Oil|High Oleic Safflower,Huile de Carthame|Aceite de Cártamo
Raspberry Seed Oil,Rubus Idaeus Seed Oil|Red Raspberry Seed Oil,Red Raspberry CO2|Raspberry Seed,85594-26-9,Emollient/UV protection,Moisturizing/Antioxidant/Natural SPF,Red Raspberry Oil|Rubus Idaeus Oil,Huile de Framboise|Aceite de Frambuesa
Pomegranate Seed Oil,Punica Granatum Seed Oil|Punicic Acid Oil,Pomegranate Seed CO2|Pomella,84961-57-9,Emollient/Antioxidant,Moisturizing/Anti-aging/Antioxidant,Punicic Acid source|Omega-5 Oil,Huile de Graine de Grenade|Aceite de Semilla de Granada
Moringa Oil,Moringa Oleifera Seed Oil|Ben Oil,Moringa Seed Oil|Ben Tree Oil,8002-43-5,Emollient,Moisturizing/Antioxidant/Anti-pollution,Horseradish Tree Oil|Ben Nut Oil,Huile de Moringa|Aceite de Moringa
Sodium Cocoamphoacetate,Amphoteric Coconut Surfactant|Mild Foam Builder,Rewoteric AM CA,68608-68-4,Amphoteric Surfactant,Gentle cleansing/Conditioning/Viscosity,Cocamphoacetate|Coco Amphoacetate,Cocamphoacétate de Sodium|Cocoamfoacetato Sódico
Disodium Cocoamphodiacetate,Miranol Ultra C32|Amphoteric surfactant,Miranol|Tego Amphotensid,68650-39-5,Amphoteric Surfactant,Gentle cleansing/Antistatic,Cocamphoglycinate|Amphoteric Coconut,Cocoamphodiacétate de Disodium
Hydroxyacetophenone,4-Hydroxyacetophenone|1-(4-Hydroxyphenyl)ethanone,Symsave H|Preservative booster,99-93-4,Preservative Booster/Antioxidant,Antimicrobial/Antioxidant/Preservative boost,4'-Hydroxyacetophenone|Para-Acetylphenol,Hydroxyacétophénone
"1,2-Hexanediol",Capriol 90|Hexylene Glycol|HD Glycol,Capriol 90|Symrise Hexanediol,6920-22-5,Humectant/Preservative Booster,Antimicrobial/Moisturizing,"Hexane-1,2-diol|1,2-Hexylene glycol","1,2-Hexanediol|Hexanodiol"
Pentylene Glycol,"1,2-Pentanediol|Pentyl Glycol",Hydrolite-5|Dermosoft 1388,5765-44-6,Humectant/Antimicrobial,Moisturizing/Antimicrobial,"1,2-Pentylene Glycol|Pentylenglykol",Pentylène Glycol|Pentylenglicol
Ceteareth-20,PEG-20 Cetearyl Ether|Cetosteareth-20|Polyoxyethylene 20 Cetostearyl Ether,Brij C20|Eumulgin B2,68439-49-6,Emulsifier/Surfactant,O/W emulsification/Solubilization,Cetearyl Alcohol Ethoxylate 20|PEG-20 Cetostearyl Ether,Cétéareth-20|Ceteareth-20
Behentrimonium Methosulfate,BTMS|Docosyltrimethylammonium Methyl Sulfate|Behentrimonium Methosulphate,BTMS-25|BTMS-50|Incroquat BTMS-50,81646-13-1,Emulsifier/Conditioning Agent,O/W emulsification/Hair and skin conditioning/Antistatic,Docosyl Trimethyl Ammonium Methosulfate|Behenyl Trimethyl Ammonium Methosulfate,Méthosulfate de Béhentrimonium|Metosulfato de Behentrimonio
Polyglyceryl-3 Diisostearate,Triglycerol Diisostearate|PG-3 Diisostearate,Lameform TGI|Isolan GI 34,66082-42-6,Emulsifier,W/O emulsification/Skin feel improvement,Polyglycerol-3 Diisostearate|Triglycerol Ester of Isostearic Acid,Diisostéarate de Polyglycéryle-3|Diisostearato de Poliglicerilo-3
Sodium Lauroyl Lactylate,SLL|Sodium Lauryl Lactylate|Lauroyl Lactic Acid Sodium Salt,Pationic SL|Stepan SLL,13557-75-0,Emulsifier/Mild Surfactant,Emulsification/Gentle cleansing/Skin conditioning,Sodium N-Lauroyl Lactate|Sodium Lauroyllactate,Lauroyl Lactylate de Sodium|Lauroil Lactilato Sódico
Potassium Phosphate,Monopotassium Phosphate|MKP|KH2PO4,Potassium Phosphate Monobasic USP|MKP Food Grade,7778-77-0,pH Adjuster/Buffer,pH Buffering/Electrolyte balance/Stabilizer,Potassium Dihydrogen Phosphate|Monopotassium Monophosphate,Phosphate de Potassium|Fosfato de Potasio
Dipotassium Phosphate,DKP|Dipotassium Hydrogen Phosphate|K2HPO4,Dipotassium Phosphate Anhydrous|DKP Food Grade,7758-11-4,pH Adjuster/Buffer,pH Buffering/Electrolyte balance/Stabilizer,Dipotassium Monohydrogen Phosphate|Potassium Phosphate Dibasic,Phosphate Dipotassique|Fosfato Dipotásico
Alpha-Arbutin,Alpha-Arbutin,,N/A,Brightening Active,Tyrosinase Inhibition,,
Jojoba Esters,Jojoba Esters,,N/A,Emollient,Barrier Support,,
Avena Sativa (Oat) Kernel Extract,Avena Sativa (Oat) Kernel Extract,,N/A,Botanical Soothing,Anti-Inflammatory,,
Colloidal Oatmeal,Colloidal Oatmeal,,N/A,Soothing Protectant,Barrier Protection,,
Glycyrrhiza Glabra (Licorice) Root Extract,Glycyrrhiza Glabra (Licorice) Root Extract,,N/A,Botanical Brightening,Anti-Inflammatory Brightening,,
Potassium Azeloyl Diglycinate,Potassium Azeloyl Diglycinate,,N/A,Sebum Regulating Active,Brightening Sebum Control,,
N-Acetyl Glucosamine,N-Acetyl Glucosamine,,N/A,Barrier Brightening Active,Barrier and Pigment Modulation,,
Acetyl Hexapeptide-8,Acetyl Hexapeptide-8,,N/A,Peptide,Expression Line Softening,,
Lactobacillus Ferment,Lactobacillus Ferment,,N/A,Postbiotic/Ferment,Microbiome Support,,
Hydroxyethyl Urea,Hydroxyethyl Urea,,N/A,Humectant,Hydration,,
Succinic Acid,Succinic Acid,,N/A,Acid Active,Anti-Blemish,,
Capryloyl Salicylic Acid,Capryloyl Salicylic Acid,,N/A,LHA Exfoliant,Comedolytic Exfoliation,,
Dipotassium Glycyrrhizate,Dipotassium Glycyrrhizate,,N/A,Soothing Active,Anti-Inflammatory,,
Tetrahexyldecyl Ascorbate,Tetrahexyldecyl Ascorbate,,N/A,Vitamin C Derivative,Antioxidant Brightening,,
Acetyl Tetrapeptide-5,Acetyl Tetrapeptide-5,,N/A,Peptide,Periorbital Puffiness Support,,
Oligopeptide-1,Oligopeptide-1,,N/A,Growth Factor Peptide,Repair Signaling,,
Tripeptide-1,Tripeptide-1,,N/A,Peptide,Collagen Support,,
Carnosine,Carnosine,,N/A,Anti-Glycation Active,Antioxidant and Firmness Support,,
Glyceryl Glucoside,Glyceryl Glucoside,,N/A,Humectant,Aquaporin Hydration Support,,
Xylitylglucoside,Xylitylglucoside,,N/A,Humectant Sugar Complex,Barrier Hydration,,
Anhydroxylitol,Anhydroxylitol,,N/A,Humectant Sugar Complex,Moisture Reservoir Support,,
